source,author,title,description,url,urlToImage,publishedAt,content
Squarespace.com,Doug Johnson,No Fair,"My feeder cows 

 It&rsquo;s the end of summer and the local news outlets, TV and news...",http://doug-johnson.squarespace.com/blue-skunk-blog/2025/8/27/no-fair.html,https://lh7-rt.googleusercontent.com/docsz/AD_4nXcYfNlQzMgYf3XI5JYbUu8rI1QJJa1F74bCIfggy3SBp59HudEUWksht-0S6CaEf_a3bHCSCAtnJJE89-p0ZUouWn2v5MIw01yTloVlYkyDozhOroOUX5vyYodmS7UkJDDxdE4mBA?key=sp2VQtQgUV_lIb9q0L9O7w,2025-08-27T13:44:25Z,"My feeder cows
It’s the end of summer and the local news outlets, TV and newspapers, are all about the Minnesota State Fair. Obsessed with attendance numbers, weather reports, and new junk food offe… [+1692 chars]"
Rogerebert.com,Matt Zoller Seitz,“When the World Broke Open: Katrina and its Afterlives” Launches at MOMA,A preview of an ambitious event at MOMA on the anniversary of Hurricane Katrina.,https://www.rogerebert.com/mzs/when-the-world-broke-open-katrina-and-its-afterlives-launches-at-moma,https://www.rogerebert.com/wp-content/uploads/2025/08/image-w1280.webp,2025-08-27T13:24:48Z,"Hurricane Katrina made landfall in August 2005, tearing up the southern states and wreaking singular damage on New Orleans, one of the most diverse and sophisticated US cities, and one of the great n… [+9794 chars]"
BBC News,,Ice cream seller suffered 'catastrophic injuries',"Shazad Khan, 41, died after reports of an altercation on Monks Park Road, Wembley, on 19 August.",https://www.bbc.com/news/articles/c7vlgvyperlo,https://ichef.bbci.co.uk/news/1024/branded_news/196a/live/04b94450-7df7-11f0-97b5-2745b2279d00.jpg,2025-08-27T13:07:48Z,"An ice cream seller suffered ""catastrophic injuries"" when he was attacked from behind and repeatedly stabbed on the ground, a court has heard.
Shazad Khan, 41, was allegedly set upon by Zaher Zaarou… [+1762 chars]"
Business Insider,Kristine Villarroel,I tried and ranked 11 high-protein yogurts. My favorite had as much protein as a can of tuna.,"From a nutty dessert to chalk-tasting paste, here's how 11 high-protein yogurts compared. The best have as much protein as four eggs.",https://www.businessinsider.com/best-high-protein-yogurts-ranked,https://i.insider.com/689f6a85194a2d49b8aea739?width=1200&format=jpeg,2025-08-27T13:07:01Z,"Protein has entered every corner of the pantry as consumers aim to build, or avoid losing, muscle.
There's protein popcorn, protein cereal, and even protein water. If a food product did not already … [+14169 chars]"
allears.net,Brian Delpozo,The 2 Worst Restaurants We Visited in Disney World Last Month,"These eating establishments weren't kind to us in August. 
The post The 2 Worst Restaurants We Visited in Disney World Last Month appeared first on AllEars.Net.",https://allears.net/2025/08/27/the-2-worst-restaurants-we-visited-in-disney-world-last-month/,https://allears.net/wp-content/uploads/2023/08/wdw-2023-disneys-contemporary-resort-chef-mickeys-review-atmosphere-6-scaled.jpg,2025-08-27T13:00:30Z,"Walt Disney World offers a plethora of dining options, from full sit-down restaurants to on-the-go snacks. Across this spectrum, there are plenty of things we LOVE and occasionally things that, well… [+2180 chars]"
Forbes,"Emily Price, Contributor, 
 Emily Price, Contributor
 https://www.forbes.com/sites/emilyprice/",7 Labor Day Drinks That Are Way Cooler Than Another Hard Seltzer,Give your long weekend a proper send-off with seven cocktails that prove summer’s not over just yet.,https://www.forbes.com/sites/emilyprice/2025/08/27/7-labor-day-drinks-that-are-way-cooler-than-another-hard-seltzer/,https://imageio.forbes.com/specials-images/imageserve/68a772a75276597b257db586/0x0.jpg?format=jpg&height=900&width=1600&fit=bounds,2025-08-27T12:30:00Z,"Strawberry juice with soda on wood background
getty
Labor Day weekend is basically summers last hurrahthe final chance to fire up the grill, argue over who makes the best potato salad, and lounge a… [+4708 chars]"
Katalogpromosi.com,katalogpromosi_admin,Promo Holycow Payday Paket Striploin Steak + Minum Rp 99ribu,"Promo Holycow Payday Striploin Steak 200gr Rp99.000 sudah termasuk Le Minerale & ice cream, berlaku 25–28 Agustus 2025 di outlet tertentu. Promo Holycow Payday Striploin Steak Rp99 ribu bikin momen gajian makin seru! Dalam paket - [ baca lebih lanjut ] -
The …",https://katalogpromosi.com/promo-holycow-payday-paket-striploin-steak-minum-rp-99ribu/,https://katalogpromosi.com/wp-content/uploads/2025/06/promo-holycow-payday-striploin-steak-99.jpg,2025-08-27T12:29:37Z,"Promo Holycow Payday Striploin Steak 200gr Rp99.000 sudah termasuk Le Minerale &amp; ice cream, berlaku 2528 Agustus 2025 di outlet tertentu.
Promo Holycow Payday Striploin Steak Rp99 ribu bikin mom… [+2628 chars]"
IGN,Alex Zalben,"After Alien Earth Ep. 4's Big Revelation, Should You Keep Watching?","Is it time to head to the escape pod, or stick your face just a little further over the alien egg? Let's dig in on Alien: Earth Episode 4's big revelation.",https://www.ign.com/articles/alien-earth-episode-4-is-a-litmus-test-for-whether-you-should-keep-watching-the-show-or-not,https://assets-prd.ignimgs.com/2025/08/26/alien-earth-episode-4-thumb-1756249923674.jpg?width=1280&format=jpg&auto=webp&quality=80,2025-08-27T12:01:36Z,"Spoilers follow for Alien: Earth
 through Episode 4, Observation.
After three episodes set (mostly) on the wreck of the Maginot, Alien: Earth slowed things down a bit back on Neverland, the home of… [+12352 chars]"
Forbes,"Akiko Katayama, Contributor, 
 Akiko Katayama, Contributor
 https://www.forbes.com/sites/akikokatayama/","Delicious, Nutritious, Sustainable: Japanese Koji Naturally Overcomes The Downsides Of Plant-Based Protein",Once hyped plant-based protein lost its momentum due to issues like high processing and unsatisfying tastes. Nosh.bio has invented a Koji-based natural protein that conquers all these issues.,https://www.forbes.com/sites/akikokatayama/2025/08/27/delicious-nutritious-sustainable-japanese-koji-naturally-overcomes-the-downsides-of-plant-based-protein/,https://imageio.forbes.com/specials-images/imageserve/68ace0ac16940f36b9bcff1e/0x0.jpg?format=jpg&height=900&width=1600&fit=bounds,2025-08-27T12:00:00Z,"Nosh.bios Koji-based invention upgrades plant-based protein.
Nosh.bio
What happened with the hype around plant-based meat?
Plant-based protein gained huge attention, particularly around 2020, for … [+7500 chars]"
Whyevolutionistrue.com,whyevolutionistrue,Wednesday: Hili dialogue,"Welcome to a Hump day (“Pukkeldagen” in Norwegian ): August 27, 2025, and National Peach Day.  I just bought the Tilamook Ice Cream below, which isn’t cheap but is fantastic (the first ingredient listed is “cream”). Get some if it’s available. Tilamook also m…",https://whyevolutionistrue.com/2025/08/27/wednesday-hili-dialogue-545/,https://whyevolutionistrue.com/wp-content/uploads/2025/08/The-Dodo-Pet.jpg,2025-08-27T11:45:16Z,"Welcome to a Hump day (“Pukkeldagen” in Norwegian ): August 27, 2025, and National Peach Day.  I just bought the Tilamook Ice Cream below, which isn’t cheap but is fantastic (the first ingredient lis… [+19570 chars]"
Omaha World-Herald,Julie Anderson,The Residences in Omaha offers million-dollar condos,Early sales have begun for a luxury condominium development called The Residences at the Heartwood Preserve near 144th Street and West Dodge Road.,https://omaha.com/news/local/business/development/article_f26a1217-f442-42b5-98f0-f2ee5368863c.html,https://bloximages.newyork1.vip.townnews.com/omaha.com/content/tncms/assets/v3/editorial/f/26/f26a1217-f442-42b5-98f0-f2ee5368863c/68ae10f3a40a8.preview.png?crop=1920%2C1008%2C0%2C35&resize=1200%2C630&order=crop%2Cresize,2025-08-27T11:45:00Z,"Gary Raymond has spent his career developing destination resorts and luxury condominiums.
So when a friend who had already purchased a residence in a Raymond Partners project in Scottsdale, Arizona,… [+10158 chars]"
Ozbargain.com.au,shppngtrlly com au,"½ Price: Maltesers 400g $7.75, Red Rock Chips 165g $3.15 ($2.83 S&S) & More + Delivery ($0 w/ Prime/$59 Spend) @ Amazon AU","Starts at 40% discount (because some regular prices are cheaper at Amazon than Coles/Woolworths, like the Uncle Tobys Cereal, $4.75 at Woolworths, $4.00 on Amazon). Some items have subscribe and …",https://www.ozbargain.com.au/node/921654,https://files.ozbargain.com.au/n/54/921654l.jpg?h=869c40e2,2025-08-27T11:43:39Z,"This post contains affiliate links. OzBargain might earn commissions when you click through and make purchases. Please see this page for more information.
Starts at 40% discount (because some regula… [+50099 chars]"
NPR,Barbara Sprunt,The GOP is shying away from town halls. This Missouri congressman is doing 15 of them,"At a time when Congressional Republicans are generally opting against town halls, Missouri Rep. Mark Alford is embarking on a four-day, 15-stop tour to meet with constituents.",https://www.npr.org/2025/08/27/g-s1-85288/gop-townhalls-missouri-rep-mark-alford,https://npr.brightspotcdn.com/dims3/default/strip/false/crop/7283x4097+0+379/resize/1400/quality/100/format/jpeg/?url=http%3A%2F%2Fnpr-brightspot.s3.amazonaws.com%2Fe1%2Fcb%2F48d4721d40598db0f655165cfa5a%2Fap-alford.jpg,2025-08-27T11:25:34Z,"BOLIVAR, Mo. A crowd of about 50 people are already seated with omelets and biscuits and gravy at a diner in Nevada, Mo., when GOP Rep. Mark Alford walks in. He smiles as he recognizes two constituen… [+7710 chars]"
The Cut,Laurie Abraham,My Colon,"Around one in 25 of us will be diagnosed with colorectal cancer. Last year, it came for writer Laurie Abraham. She refused to suffer in silence.",http://www.thecut.com/article/colorectal-colon-cancer-diagnosis-laurie-abraham.html,https://pyxis.nymag.com/v1/imgs/79b/b6b/40ec70c13af6c3a191d61a8839ba1ef2a4-my-colon.1x.rsocial.w1200.jpg,2025-08-27T11:00:16Z,"My colon, like yours, is a muscular five-foot-long tube arranged in the abdomen in the shape of a box. Also called the large intestine, it looks like a fleshy, segmented snake surrounding a bunch of … [+47508 chars]"
Zonanegativa.com,Igor Álvarez Muñiz,"Godzilla 70 Aniversario, de varios artistas","El Rey de los monstruos está de celebración y desde Moztros han publicado este Godzilla 70 Aniversario, que fue premiado en los Eisners de este año.",https://www.zonanegativa.com/godzilla-70-aniversario/,https://www.zonanegativa.com/imagenes/2025/08/Godzilla-70-aniversario-destacada.jpg,2025-08-27T10:00:21Z,"Edición original
: Godzilla 70th Anniversary (IDW)Edición nacional/España
: Godzilla 70 Aniversario (Moztros, 2025)Guion
: James Stokoe, Dan Didio, Danny Lore, Matt Frank, E. J. Su, Adam Gorham, C… [+5516 chars]"
Fox News,,"Surprised archaeologists unearth ancient graves caught between pagan, Christian rituals in Poland","Archaeologists in Poland uncovered 11th-century graves reopened by medieval Poles, revealing a blend of Christian and pagan burial practices during a period of cultural transition.",https://www.foxnews.com/travel/surprised-archaeologists-unearth-ancient-graves-caught-between-pagan-christian-rituals-poland,https://static.foxnews.com/foxnews.com/content/uploads/2025/07/ancient-grave-redo.jpg,2025-08-27T10:00:14Z,"Archaeologists in Central Europe recently uncovered an ancient grave reopened not by modern looters but by medieval Poles over 1,000 years ago.
The excavation took place at the Nowy Chorów cemetery … [+3459 chars]"
Business Insider,Kim Schewitz,Everything a doctor who studies gut health and colon cancer ate in 2 weeks,"Dr. Neelendu Dey, who researches how gut microbes could prevent colon cancer, is mostly plant-based but still enjoys his favorite foods.",https://www.businessinsider.com/diet-doctor-how-gut-health-prevent-lowers-colon-cancer-risk-2025-8,https://i.insider.com/68aebd20194a2d49b8af40df?width=1184&format=jpeg,2025-08-27T09:05:42Z,"Dr. Neelendu Dey studies how gut microbes could prevent colon cancer.Neelendu Dey.
<ul><li>What we eat can affect our gut health and colon cancer risk.</li><li>Dr. Neelendu Dey is a gastroenterologi… [+6030 chars]"
Pensacola News Journal,"Brittany Misencik, Pensacola News Journal",9 Pensacola area restaurants receive major violations in latest inspection,"During their last inspection, four Pensacola area restaurants received an administrative complaint, and five restaurants received a high-priority violation.",https://www.pnj.com/story/news/local/2025/08/27/pensacola-area-restaurant-inspections-9-restaurants-receive-high-violations/85830210007/,https://media.zenfs.com/en/pensacola-news-journal/4f1b7f368094d84f3a3d7508cb65b78b,2025-08-27T09:02:01Z,Here's the breakdown of restaurant inspections in Escambia and Santa Rosa counties for the week of Aug. 18-24. Florida's restaurant owners are not required to post restaurant inspection results where… [+12928 chars]
Newsweek,Meredith Wolf Schizer,Terry Bradshaw Says People Will 'Scream' Over Recipe in New Family Cookbook,Four-time Super Bowl champion and Emmy-award-winning sportscaster Terry Bradshaw takes on a new challenge—a family cookbook,https://www.newsweek.com/2025/09/12/terry-bradshaw-says-people-will-scream-over-recipe-new-family-cookbook-2118958.html,https://d.newsweek.com/en/full/2708260/fea01-nfl-13.png,2025-08-27T09:00:02Z,"Terry Bradshaw is a household name—from his four Super Bowl wins as quarterback for the Pittsburgh Steelers in the 1970s and '80s, to his long sportscasting career, as well as appearances in movies, … [+11506 chars]"
Katalogpromosi.com,editor promosi,Promo Häagen-Dazs Buy 1 Get 1 Royal Monte Carlo Menu,"Promo Häagen-Dazs Buy 1 Get 1 Royal Monte Carlo berlaku 29–31 Agustus 2025 di Pakuwon Mall & Tunjungan Plaza untuk 100 pelanggan pertama. Lagi pengen dessert fancy tapi tetap hemat?  Nah, ada kabar manis - [ baca lebih lanjut ] -
The post Promo Häagen-Dazs …",https://katalogpromosi.com/promo-haagen-dazs-buy-1-get-1-royal-monte-carlo-menu/,https://katalogpromosi.com/wp-content/uploads/2025/05/haagendazs_b1g1_27082025.jpg,2025-08-27T07:38:40Z,"Promo Häagen-Dazs Buy 1 Get 1 Royal Monte Carlo berlaku 2931 Agustus 2025 di Pakuwon Mall &amp; Tunjungan Plaza untuk 100 pelanggan pertama.
Lagi pengen dessert fancy tapi tetap hemat? Nah, ada kaba… [+1286 chars]"
New Zealand Herald,Joanne Mitchell,"What it’s like walking the Salt Path, the South West Coast Path, in England",We walked 418 kilometres over 21 days on the South West Coast Path.,https://www.nzherald.co.nz/travel/what-its-like-walking-the-salt-path-the-south-west-coast-path-in-england/7TU5BSQWBRHN7DYCUIDJQNNQOY/,https://www.nzherald.co.nz/resizer/v2/Q77BNVZCYZFM5OAJLNUJTVAHD4.jpg?auth=62db3e8644c025c46cc5b61ad756d0105a1dedcc5d06afbe6ad6254a7e3af53b&width=1200&height=675&quality=70&smart=true,2025-08-27T06:54:00Z,"The film The Salt Path, based on a 2018 novel*, came out just before we left New Zealand, but the walk had been nine months in the planning. The SWCP website is helpful with suggested daily start and… [+5331 chars]"
Katalogpromosi.com,editor katalogpromosi,Promo Cold Stone Payday Buy 1 Get 1 Free Ice Cream*,"Promo Cold Stone Payday BUY 1 GET 1 Ice Cream, termasuk Cold Stone x CERES Ice Cream. Akhir bulan makin manis dengan Promo Cold Stone Payday! ❤️ Spesial buat kamu yang lagi craving dessert enak, - [ baca lebih lanjut ] -
The post Promo Cold Stone Payday Buy 1…",https://katalogpromosi.com/promo-cold-stone-payday-buy-1-get-1-free-ice-cream/,https://katalogpromosi.com/wp-content/uploads/2025/07/cold_stone_payday_b1g1_ice_cream_27082025p1.jpg,2025-08-27T06:25:56Z,"Promo Cold Stone Payday BUY 1 GET 1 Ice Cream, termasuk Cold Stone x CERES Ice Cream.
Akhir bulan makin manis dengan Promo Cold Stone Payday! Spesial buat kamu yang lagi craving dessert enak, ada pe… [+1408 chars]"
Noom.com,Noom Team,"Oranges: Calories, Weight Loss, Nutrition Facts, & Health Benefits","Oranges are great for weight loss—low in calories, high in fiber, and packed with nutrients. Learn how whole oranges support weight control, boost health, and fit into a balanced diet.",https://www.noom.com/blog/nutrition/oranges-for-weight-loss/,https://b2b-cdn.noom.com/divinoom/wp-content/uploads/2025/08/26170958/oranges-scaled.jpg,2025-08-27T06:17:19Z,"Sweet, juicy, and packed with vitamin C, oranges are a great anytime snack. When weight loss is your goal, oranges offer more than just a burst of sweet flavor. One medium orange has just 62 calories… [+14664 chars]"
The Ringer,rboone,The 101 Best Movie Performances of the 21st Century,"We’re talking capital-A Acting, baby! From Daniel Day-Lewis in ‘There Will Be Blood’ to Mark Wahlberg in ‘The Departed,’ we’re celebrating the best of the best of the past 25 years. How do your favorites stack up?",https://www.theringer.com/2025/08/25/movies/101-best-movie-acting-performances-since-2000-21st-century,https://wp.theringer.com/wp-content/uploads/2025/08/cropped-best101_harrisonfreeman-scaled-1.jpg,2025-08-27T05:47:01Z,"Harrison Freeman, www.harrisonfreeman.com
The great Philip Seymour Hoffman once compared acting to lugging things up staircases in your brain. I think thats a thing people dont understand, he said. … [+126813 chars]"
BBC News,,Sun into sundaes for solar-powered ice cream maker,David Baker says 30% of his operations are powered by the sun – and he's working towards 80%.,https://www.bbc.com/news/articles/cev2m0ev3j8o,https://ichef.bbci.co.uk/news/1024/branded_news/b5ea/live/14316400-826e-11f0-a832-3d1a9236e27e.png,2025-08-27T05:31:36Z,"Dave HarveyBusiness and environment correspondent, BBC West
Friends Erin and Thea enjoying eco-softees from Styles Ice Cream at Blue Anchor Bay in Somerset
A Somerset ice cream maker has produced r… [+3946 chars]"
decanter.com,Eliza Dumais,Eliza Dumais: A hatred so sweet,"‘Sweet’ – an innocuous enough adjective under most circumstances – is a descriptor rarely delivered with malice, save for when it comes to wine.",https://www.decanter.com/wine-news/opinion/eliza-dumais-a-hatred-so-sweet-562485/,https://keyassets.timeincuk.net/inspirewp/live/wp-content/uploads/sites/34/2025/08/GettyImages-2174689783.gif,2025-08-27T05:00:01Z,"In the realm of tasting notes, the word sweet tends to be spoken with a certain vitriol. Its an insult of the highest order as if sweetness has wronged drinkers personally, poisoned their families, f… [+7096 chars]"
Antaranews.com,PR Wire,Accelerating Global Expansion! Yili Shines at FIBA Asia Cup in Saudi Arabia,"The 2025 FIBA Asia Cup captivated basketball fans in Jeddah from August 5-17, featuring 16 elite national teams in intense competition. As FIBA&#39;s Global ...",https://en.antaranews.com/news/375889/accelerating-global-expansion-yili-shines-at-fiba-asia-cup-in-saudi-arabia,https://cdn.antaranews.com/cache/1200x800/2025/08/27/yili.jpg,2025-08-27T04:53:57Z,"Jeddah, Saudi Arabia (ANTARA/PRNewswire)-The 2025 FIBA Asia Cup captivated basketball fans in Jeddah from August 5-17, featuring 16 elite national teams in intense competition. As FIBA's Global Partn… [+2506 chars]"
Business Insider,agoh@businessinsider.com (Amanda Goh),"Alicia Silverstone says she went vegan for the animals, but the 'miracle' was what it did for her health","Alicia Silverstone said she first tried going vegetarian as a child, although her efforts back then were ""short-lived.""",https://www.businessinsider.com/alicia-silverstone-vegan-diet-miracle-health-asthma-plant-based-vegetarian-2025-8,https://i.insider.com/68ae6f5ecfc04e97619c17d2?width=1200&format=jpeg,2025-08-27T04:35:03Z,"When Alicia Silverstone went vegan, health wasn't exactly her goal.
During an appearance on Monday's episode of the ""Sibling Revelry"" podcast, the actor spoke about the unexpected benefits a plant-b… [+2466 chars]"
Dumblittleman.com,Rachel Thompson,Worst Fast Food Chains Everyone Pretends to Like,"Here’s the deal: the worst fast food chains keep fooling us. We see long lines, flashy ads, and smiling faces in commercials, but when you actually sit at the table with that burger, shake, and fries—it’s a letdown. I’ve eaten my way through more fast food ch…",https://www.dumblittleman.com/worst-fast-food-chains/,https://www.dumblittleman.com/wp-content/uploads/2025/08/try.jpg,2025-08-27T04:00:29Z,"Heres the deal: the worst fast food chains keep fooling us. We see long lines, flashy ads, and smiling faces in commercials, but when you actually sit at the table with that burger, shake, and friesi… [+15028 chars]"
SoraNews24,Casey Baseel,Beautiful unofficial Ghibli village in a Japanese forest is a magical place to spend an afternoon,"Nukumori no Mori feels like a fantasy world and predates Ghibli Park by decades. Every time we see a footpath like the one in the above photo, our imagination starts to race. Sure, that narrow little road probably doesn’t lead anywhere all that interesting, h…",https://soranews24.com/2025/08/27/beautiful-unofficial-ghibli-village-in-a-japanese-forest-is-a-magical-place-to-spend-an-afternoon/,https://soranews24.com/wp-content/uploads/sites/3/2025/08/NM-6.jpg?w=1000&h=525&crop=1,2025-08-27T04:00:20Z,"Nukumori no Mori feels like a fantasy world and predates Ghibli Park by decades.
Every time we see a footpath like the one in the above photo, our imagination starts to race. Sure, that narrow littl… [+4142 chars]"
Slj.com,Betsy Bird,The Multi-Interview: Accompanying the SLJ Piece “Authors Tackle Complex Topics in Children’s Nonfiction”,Why interview just one author when you can interview a slew? Today we speak with a host of different nonfiction creators of children's books to figure out how they make their difficult topics child appropriate.,https://afuse8production.slj.com/2025/08/27/the-multi-interview-accompanying-the-slj-piece-authors-tackle-complex-topics-in-childrens-nonfiction/,https://afuse8production.slj.com/wp-content/uploads/2025/08/ComplexTopicsInNonfiction.png,2025-08-27T04:00:00Z,"This month you may have seen that in the latest issue of School Library Journal there was a piece entitled Authors Tackle Complex Topics in Childrens Nonfiction. Written by my pretty little self, the… [+44273 chars]"
The Washington Post,Paige Winfield Cunningham,Is whole milk really unhealthy? Why RFK jnr promotes full-fat dairy.,New research shows full-fat dairy may offer health benefits.,https://www.washingtonpost.com/health/2025/08/25/whole-milk-healthier-rfk-jr/,https://www.nzherald.co.nz/resizer/v2/FXYJTVV6CVAAFMXQGHMGXQCHNA.png?auth=a65f381ae20d9425d4b81552340791c360b8f52f76fa65b1bc80cfdeda9cfc35&width=1200&height=675&quality=70&focal=576%2C598&smart=false,2025-08-26T23:38:51Z,"It unites the secretarys Maha supporters, industry groups and many nutritionists, who describe the Governments stance on fat as out of sync with the latest science.
New research offers mounting evid… [+7845 chars]"
Knowyourmeme.com,Owen Carry,"What Is The 'Mason 67' Meme? The White Kids Who Play Baseball, Say '6-7' And Wear Ice Cream Shorts Explained","The boy's name, ""Mason,"" has become a meme because of a stereotype that kids who play baseball spam the ""67"" meme in real life. Let’s explain.",https://knowyourmeme.com/editorials/guides/what-is-the-mason-67-meme-the-white-kids-who-play-baseball-say-6-7-and-wear-ice-cream-shorts-explained,https://i.kym-cdn.com/editorials/icons/original/000/013/927/mason-67-explainer.jpg,2025-08-26T21:57:09Z,"If you named your Gen Alpha or Gen Z son ""Mason,"" and he decided to play baseball, we're sorry that you have to hear him quote the ""67"" meme all day.
For those fortunate to have not named their son … [+4218 chars]"
Forbes,"Tim Newcomb, Contributor, 
 Tim Newcomb, Contributor
 https://www.forbes.com/sites/timnewcomb/",Secret Menus And Special Creations Build U.S. Open Food Buzz,"From Coqodaq's secret menu and first-ever crispy chicken sandwich to PastaRamen's Open debut and Van Leeuwen's buzz-worthy ice cream, exclusive food peppers the site",https://www.forbes.com/sites/timnewcomb/2025/08/26/secret-menus-and-special-creations-build-us-open-food-buzz/,https://imageio.forbes.com/specials-images/imageserve/68ae164e892617a9e4dddea1/0x0.jpg?format=jpg&height=900&width=1600&fit=bounds,2025-08-26T20:33:52Z,"The Gangnam Style Crispy Chicken Sandwich from COQODAQ's CQDQ at the 2025 U.S. Open.
Kelsey Cherry
The orange boxes of Coqodaqs famed chicken nuggets fill the grounds at the U.S. Open. Whats less k… [+8899 chars]"
allears.net,Kendall Waltz,5 NEW Experiences Coming to Shanghai Disney (Including DUFFY MONTH),"New Duffy and Friends events are coming to Shanghai Disney Resort.
The post 5 NEW Experiences Coming to Shanghai Disney (Including DUFFY MONTH) appeared first on AllEars.Net.",https://allears.net/2025/08/26/5-new-experiences-coming-to-shanghai-disney-including-duffy-month/,https://allears.net/wp-content/uploads/2025/06/2025-hong-kong-disneyland-20th-anniversary-duffy-meet-and-greet-quincy-700x527.jpg,2025-08-26T20:12:12Z,"Sometimes, there is so much happening at Disney World that we forget about all the amazing things happening at the international Disney Parks.
Hey Duffy!
Shanghai Disney Resort is celebrating Duffy… [+3747 chars]"
phillymag.com,Jason Sheehan,The Bellevue’s New $100 Cheesesteak Comes With a Butler and a Silver Platter,"And of course there are truffles. Plus: Herr’s “Flavored By Philly” declares a winner, Goldie and New June Bakery team up for a cake shake, and P.J. Clarke’s plans a steakhouse.",https://www.phillymag.com/foobooz/2025/08/26/bellevue-100-cheesesteak-room-service/,https://cdn10.phillymag.com/wp-content/uploads/sites/3/2025/08/1200-bellevue-cheesesteak.jpg,2025-08-26T19:15:48Z,"NewsAnd of course there are truffles. Plus: Herrs Flavored By Philly declares a winner, Goldie and New June Bakery team up for a cake shake, and P.J. Clarkes plans a steakhouse.
Devoted foodies and … [+10717 chars]"
Disneyparksblog.com,The Editors,When is the Best Time to Visit Disney World?,"Wondering when the best time to visit Disney World is? You’re not alone – it’s one of the most common questions people ask when they’re planning their Disney vacation. The good news: Disney World has great options to plan your best trip ever, no matter what t…",https://disneyparksblog.com/wdw/when-is-the-best-time-to-visit-disney-world/,https://disneyparksblog.com/app/uploads/2025/08/2025-WDW-Best-Times-to-Visit-Header.jpg,2025-08-26T19:00:37Z,Wondering when the best time to visit Disney World is? You’re not alone – it’s one of the most common questions people ask when they’re planning their Disney vacation. The good news: Disney World has… [+4137 chars]
Printmag.com,Amelia Nash,Jeni’s Ice Cream X Cj Hendry Explore the Art of Absence,"An edible artwork called OPAQUE, both a limited-edition ice cream and a pop-up installation in NYC, challenges one of the most ingrained assumptions about ice cream: that it should be colorful.
The post Jeni’s Ice Cream X Cj Hendry Explore the Art of Absence …",https://www.printmag.com/color-design/jenis-ice-cream-cj-hendry-explore-absence/,https://i0.wp.com/www.printmag.com/wp-content/uploads/2025/08/AND03757-scaled.jpg?fit=1707%2C2560&quality=89&ssl=1,2025-08-26T19:00:00Z,"Ive been following Cj Hendrys work since 2013, when she was drawing in black and white pen with painstaking precision. Back then, her focus was on surface and detail. Over the years, Ive watched Hend… [+3303 chars]"
disneyfoodblog.com,Emma Kenner,An ENTIRE DUFFY MONTH Is Coming To This Disney Resort,"There are TONS of new things coming to Shanghai Disney Resort!
The post An ENTIRE DUFFY MONTH Is Coming To This Disney Resort first appeared on the disney food blog.",https://www.disneyfoodblog.com/2025/08/26/an-entire-duffy-month-is-coming-to-this-disney-resort/,https://www.disneyfoodblog.com/wp-content/uploads/2025/08/Shanghai-Disney-Halloween-Fall-Screenshot-2025-08-26-at-1.35.20 PM-700x389.png,2025-08-26T18:40:35Z,"It’s time for fall at Shanghai Disney!
©Shanghai Disney Resort
The Chinese Disney Resort is known for its lovable characters, amazing lands, and rotating seasonal events that keep the fun coming al… [+4459 chars]"
Southernsavers.com,Jenny,Kroger Weekly Ad: 8/27-9/2,"Here is a list of the deals from the new Kroger weekly ad that will start on 8/27. Get FREE Blue Bunny ice cream, LaCroix water for $2.49, and more. Mega Event Grocery Save $1 off each item WYB (5+) participating products, Prices listed are after instant savi…",https://www.southernsavers.com/kroger-weekly-ad-827-92/,https://www.southernsavers.com/wp-content/uploads/2025/08/kroger-weekly-ad-3.jpg,2025-08-26T18:00:55Z,"Here is a list of the deals from the new Kroger weekly ad that will start on 8/27. Get FREE Blue Bunny ice cream, LaCroix water for $2.49, and more.
Mega Event Grocery
<ul><li>Save $1 off each item… [+43463 chars]"
USA Today,"Saleen Martin, USA TODAY",Dairy Queen celebrating milestone birthday with 85-cent blizzards,DQ Rewards members who spend $1 or more can get a small blizzard for 85 cents from Sept. 8 to Sept. 21. The deal must be redeemed via the DQ app.,https://www.usatoday.com/story/money/food/2025/08/26/dairy-queen-85-cent-blizzards/85832955007/,https://media.zenfs.com/en/usa_today_money_325/56829fa9fa89753e2b05312c9b369702,2025-08-26T17:55:13Z,"Dairy Queen fans who werent able to take advantage of the dessert shops 85th birthday deal this past spring are in luck, as DQ is again selling 85-cent Blizzards.
The deal, available only to DQ Rewa… [+2418 chars]"
PBS,"Thomas Beaumont, Associated Press",Civility unfolds in a Missouri GOP congressman’s town hall,"One of the few Republican U.S. House members making in-person appearances embarked on a town hall tour of his district to meet with constituents, and a civil conversation broke out.",https://www.pbs.org/newshour/politics/civility-unfolds-in-a-missouri-gop-congressmans-town-hall,https://d3i6fh83elv35t.cloudfront.net/static/2025/08/2023-07-12T161043Z_287316692_RC2P12AQRDNI_RTRMADP_3_USA-CONGRESS-REPUBLICANS-1024x690.jpg,2025-08-26T17:48:06Z,"BOLIVAR, Missouri (AP) One of the few Republican U.S. House members making in-person appearances embarked on a town hall tour of his district to meet with constituents Monday, and a civil conversatio… [+3658 chars]"
Roanoke Times,THOMAS BEAUMONT Associated Press,Civility unfolds in a Missouri GOP congressman's town hall,"One of the few Republican House members making in-person appearances embarked on a town hall tour of his district to meet with constituents Monday, and a civil conversation broke out.",https://roanoke.com/news/nation-world/government-politics/article_6bc6370b-2297-5fd6-8147-d963e62a3fd2.html,https://bloximages.newyork1.vip.townnews.com/roanoke.com/content/tncms/assets/v3/editorial/6/bc/6bc6370b-2297-5fd6-8147-d963e62a3fd2/68addda100669.preview.jpg?crop=1763%2C926%2C0%2C125&resize=1200%2C630&order=crop%2Cresize,2025-08-26T17:30:00Z,"BOLIVAR, Missouri One of the few Republican U.S. House members making in-person appearances embarked on a town hall tour of his district to meet with constituents Monday, and a civil conversation bro… [+3998 chars]"
Richmond.com,THOMAS BEAUMONT Associated Press,Civility unfolds in a Missouri GOP congressman's town hall,"One of the few Republican House members making in-person appearances embarked on a town hall tour of his district to meet with constituents Monday, and a civil conversation broke out.",https://richmond.com/news/nation-world/government-politics/article_865df0fd-23df-5f37-b275-73937b391ec5.html,https://bloximages.newyork1.vip.townnews.com/richmond.com/content/tncms/assets/v3/editorial/8/65/865df0fd-23df-5f37-b275-73937b391ec5/68addcdd5b214.preview.jpg?crop=1763%2C926%2C0%2C125&resize=1200%2C630&order=crop%2Cresize,2025-08-26T17:30:00Z,"BOLIVAR, Missouri One of the few Republican U.S. House members making in-person appearances embarked on a town hall tour of his district to meet with constituents Monday, and a civil conversation bro… [+3892 chars]"
disneyfoodblog.com,Myranda Juarez,REVIEW: The BEST Italian Food at Disney World Isn’t Hiding Where You Think,"We're headed back to review one of our favorites that delivers time and time again.
The post REVIEW: The BEST Italian Food at Disney World Isn't Hiding Where You Think first appeared on the disney food blog.",https://www.disneyfoodblog.com/2025/08/26/review-the-best-italian-food-at-disney-world-isnt-hiding-where-you-think/,https://www.disneyfoodblog.com/wp-content/uploads/2025/08/2025-wdw-disneys-boardwalk-in-resort-trattoria-al-forno-red-wine-braised-beef-short-rib-1-700x525.jpg,2025-08-26T17:21:38Z,"Choosing where to eat at Disney World isn’t easy — but that’s what we’re here for!
Disney’s BoardWalk
We recently stopped by Trattoria al Forno for dinner at Disney’s Boardwalk Inn Resort to see wh… [+8192 chars]"
Eater,Tierney Plumb,Call Your Mother’s Beloved Bagels Are Coming to Adams Morgan,"The iconic Adams Morgan corner that long housed CityBikes (and Ben & Jerry’s before that) gets a new life next spring as a new Call Your Mother Deli, marking the wood-fired sensation’s first D.C. location in nearly three years (2501 Champlain Street NW). The …",https://dc.eater.com/daily-restaurant-news/163234/call-your-mother-bagels-opening-adams-morgan,https://platform.dc.eater.com/wp-content/uploads/sites/9/2025/08/53785782171_d1e95171e9_o.jpg?quality=90&strip=all&crop=0%2C15.10018729188%2C100%2C69.799625416239&w=1200,2025-08-26T16:39:59Z,"The iconic Adams Morgan corner that long housed CityBikes (and Ben & Jerry’s before that) gets a new life next spring as a new Call Your Mother Deli, marking the wood-fired sensation’s first D.C. loc… [+3076 chars]"
The Portland Mercury,Courtney Vaughn,"Good Morning, News: Portland's WNBA Team Hires a General Manager, Intel Now Partly Owned By US Government, and Israeli Strike Kills 20, Including Journalists","by Courtney Vaughn
 
 
 
 If you’re reading this, you probably know the value of the Mercury’s news reporting, arts and culture coverage, event calendar, and the bevy of events we host throughout the year. The work we do helps our city shine, but we can’t do …",https://www.portlandmercury.com/good-morning-news/2025/08/26/47991682/good-morning-news-portlands-wnba-team-hires-a-general-manager-intel-now-partly-owned-by-us-government-and-israeli-strike-kills-20-includ,https://media1.fdncms.com/portmerc/imager/u/large/47993034/intel-oregon-d1x-2_1_.webp,2025-08-26T16:01:00Z,"If youre reading this, you probably know the value of the Mercurys news reporting, arts and culture coverage, event calendar, and the bevy of events we host throughout the year. The work we do helps … [+4946 chars]"
allears.net,David Goodkind,70 Disneyland Restaurants Just Hit With Price Increases,"Disneyland's restaurants all recently received menu price increases. Here's what you need to know.
The post 70 Disneyland Restaurants Just Hit With Price Increases appeared first on AllEars.Net.",https://allears.net/2025/08/26/70-disneyland-restaurants-just-hit-with-price-increases/,https://allears.net/wp-content/uploads/2023/09/2023-dlr-disneyland-park-tianas-palace-restaurant-grand-opening-sign-stock.jpg,2025-08-26T16:00:55Z,"Unfortunately, it’s a bout to get MORE EXPENSIVE to eat at the Disneyland Resort.
Tiana’s Palace in Disneyland
Nearly EVERY single Disneyland restaurant and food location recently got price increas… [+20613 chars]"
Theimpulsivebuy.com,The Impulsive Buy,REVIEW: Dunkin’ Cereal N’ Milk Latte,"Even though there is a Dunkin’ Donuts (or “Dunks” as the chain is affectionately known here in Mass) literally in my backyard, I don’t go there very often. I’m more of a Red Bull kind of girl. When I go to DD, I tend to get cold brew with foam rather than a l…",https://www.theimpulsivebuy.com/wordpress/2025/08/26/dunkin-cereal-n-milk-latte-review/,https://www.theimpulsivebuy.com/wordpress/wp-content/uploads/2025/08/dunkincernmilklat-600x759.jpeg,2025-08-26T16:00:00Z,"Even though there is a Dunkin’ Donuts (or “Dunks” as the chain is affectionately known here in Mass) literally in my backyard, I don’t go there very often. I’m more of a Red Bull kind of girl. When I… [+2362 chars]"
Variety,Varietybrentlang,Media Capital Technologies Launches New Distribution Company Row K; Megan Colligan Tapped as President (EXCLUSIVE),"Media Capital Technologies, an entertainment investment company, has launched Row K Entertainment, a new U.S. theatrical distribution label. The new company says it will be focused on distributing wide release, star-driven movies from prestigious directors th…",https://variety.com/2025/film/news/media-capital-technologies-row-k-megan-colligan-1236497758/,https://variety.com/wp-content/uploads/2025/08/execs.jpg?w=1000&h=563&crop=1,2025-08-26T15:44:00Z,"Media Capital Technologies, an entertainment investment company, has launched Row K Entertainment, a new U.S. theatrical distribution label. The new company says it will be focused on distributing wi… [+3019 chars]"
Bleeding Cool News,Adi Tantimedh,Slow Horses Season 5 Shocker: Gary Oldman's Jackson Lamb Farting Less,"Gary Oldman and the whole sick crew are back in season 5 of Slow Horses, premiering this Autumn on Apple TV+. The upcoming season is adapted from Mick Herron's novel London Rules, and puts Christopher Chung's sneering IT edgelord Roddy Ho front and centre – h…",https://bleedingcool.com/tv/slow-horses-season-5-shocker-gary-oldmans-jackson-lamb-farting-less/,https://bleedingcool.com/wp-content/uploads/2023/09/SlowHorses_S3_01.jpg,2025-08-26T15:37:02Z,"Posted in: Apple, TV | Tagged: Slow Horses
In shocking news, the upcoming fifth season of Apple TV+'s Slow Horses will see Gary Oldman's aging spy Jackson Lamb... farting less?!?
<ul><li>Slow Horse… [+2427 chars]"
The Drum,,Spare us your Serena Williams Ro critiques; adland shows its anti-fat bias every day,"Of the several op-eds we received about Serena Williams’s GLP-1 endorsement, this one from a senior comms professional who requested anonymity felt the most introspective. Is adland suffering from mass hypocrisy when it comes to body weight?When Serena Willia…",https://www.thedrum.com/opinion/2025/08/26/spare-us-your-serena-williams-ro-critiques-adland-shows-its-anti-fat-bias-every,https://thedrum-media.imgix.net//thedrum-prod/s3/opinion/356800/ro_serena_williams.jpg?w=1280&ar=default&fit=crop&crop=faces&auto=format,2025-08-26T15:15:00Z,"Of the several op-eds we received about Serena Williamss GLP-1 endorsement, this one from a senior comms professional who requested anonymity felt the most introspective. Is adland suffering from mas… [+3859 chars]"
Knowyourmeme.com,Owen,Mason 67,Read More,https://knowyourmeme.com/memes/mason-67,https://i.kym-cdn.com/entries/icons/original/000/055/131/67-mason.jpg,2025-08-26T15:14:48Z,"About
Mason 67, also known as 67 Mason or Mason , is the moniker for a stereotypical American white boy, named Mason, who routinely references the 6-7 meme, from the song ""Doot Doot"" by Skrilla. The… [+1331 chars]"
Crooksandliars.com,Susie Madrak,"Pritzker Punches Trump: 'Do Not Come To Chicago.""","Gov. JB Pritzker of Illinois has a message for President Trump: Keep the military out of Chicago. Via the New York Times:
Mr. Pritzker, a Democrat, stood alongside the Chicago River on Monday afternoon, flanked by Mayor Brandon Johnson of Chicago, pastors, bu…",https://crooksandliars.com/2025/08/pritzker-chicagoans-are-not-calling,https://crooksandliars.com/files/embeds/2025/08/66880.jpg,2025-08-26T14:53:23Z,"Gov. JB Pritzker of Illinois has a message for President Trump: Keep the military out of Chicago. Via the New York Times:
I want to speak plainly about the moment that we are in and the actual crisi… [+11415 chars]"
Boston Herald,Associated Press,Pennsylvania’s Chautauqua is a summertime haven for lifelong learners,The little mountain community a two-hour drive from Philadelphia springs to life every summer.,https://www.bostonherald.com/2025/08/26/pennsylvania-chautauqua-lifelong-learners/,https://www.bostonherald.com/wp-content/uploads/2025/08/Pennsylvania_Chautauqua_41974-1.jpg?w=1024&h=682,2025-08-26T14:40:03Z,"By MARK SCOLFORO
MOUNT GRETNA, Pa. (AP) It takes a 54-page pamphlet to list all the classes, concerts, outdoor recreation and other self-improvement and entertainment going on at the Pennsylvania Ch… [+6812 chars]"
Southernsavers.com,Jenny,Target Unadvertised Deals: 8/24-8/30,"Here is a list of the Target unadvertised deals I found at my store this week. Get good deals on kids' clothing, Nalegene water bottles, and more. Look through the full Target weekly ad to see all the current deals. Gift Card Deals $5 Target Gift Card WYB (2)…",https://www.southernsavers.com/target-unadvertised-deals-824-830/,https://www.southernsavers.com/wp-content/uploads/2016/03/target-weekly-ad-deals1.jpg,2025-08-26T14:30:47Z,"Here is a list of the Target unadvertised deals I found at my store this week. Get good deals on kids’ clothing, Nalegene water bottles, and more.
Look through the full Target weekly ad to see all t… [+12069 chars]"
Forbes,"John Mariani, Contributor, 
 John Mariani, Contributor
 https://www.forbes.com/sites/johnmariani/",The Menu At Chambers In New York Is A Template For Modern American Cuisine,"Recast as a modern American restaurant, Chambers epitomizes fresh, seasonality.",https://www.forbes.com/sites/johnmariani/2025/08/26/the-menu-at-chambers-in-new-york-is-a-template-for-modern-american-cuisine/,https://imageio.forbes.com/specials-images/imageserve/68adbc03b956a6ed2a2414ac/0x0.jpg?format=jpg&height=900&width=1600&fit=bounds,2025-08-26T14:03:10Z,"Highly focused and never extravagant, the food at Chambers is exemplary of how to cook the finest ingredients.
copyright_alex_staniloff
If Chambers in TriBeCa seems familiar to you upon walking in,… [+4783 chars]"
Business Insider,Monica MacDonald,A former barista explains 14 common Starbucks terms and codes that'll help you order like a pro,"A former Starbucks barista shares how to order like a pro by decoding common drink orders, explaining secret-menu terms, and letters written on cups.",https://www.businessinsider.com/starbucks-terms-you-should-know-how-to-order-like-a-pro,https://i.insider.com/68adbab6cfc04e97619c046e?width=1200&format=jpeg,2025-08-26T13:55:33Z,"There are some common codes and terms you might hear in a Starbucks and not understand.Ramin Talaie/Corbis via Getty Image
<ul><li>As a former Starbucks barista, I'm explaining popular ordering term… [+6463 chars]"
Pinterest.com,,"Enjoy the perfect summer dessert with Grilled Peaches and Cream! Warm peaches, vanilla ice cream, cinnamon sugar, and honey make an irresistible treat. Pin this fruit recipe!","Enjoy the perfect summer dessert with Grilled Peaches and Cream! Warm peaches, vanilla ice cream, cinnamon sugar, and honey make an irresistible treat. Pin this fruit recipe!",https://www.pinterest.com/pin/217932069463310301/,https://i.pinimg.com/736x/a3/aa/83/a3aa832f26ba1369bb096ff7e61b155b.jpg,2025-08-26T13:30:38Z,"Grilled Peaches and Cream in 2025 | Summer recipes, Grilled peaches, Summer desserts"
Forbes,"Paula Conway, Contributor, 
 Paula Conway, Contributor
 https://www.forbes.com/sites/paulaconway/",15 Safe Luxury Labor Day Getaways In New York And New England,"15 Safe Last-minute Labor Day Driving Vacations In New York And New England, From Luxury Oceanfront Resorts To Countryside Retreats",https://www.forbes.com/sites/paulaconway/2025/08/26/15-safe-luxury-labor-day-getaways-in-new-york-and-new-england/,https://imageio.forbes.com/specials-images/imageserve/68accd3a797291b1724ba3a5/0x0.jpg?format=jpg&height=900&width=1600&fit=bounds,2025-08-26T13:30:00Z,"Bentleys in motion at The Preserve Sporting Club &amp; Residences in Richmond, RI is where the Extraordinary Drive Experience transforms Labor Day weekend into a luxury road trip fantasy.
The Preser… [+13001 chars]"
Budgetbytes.com,Jess Rice,Cold Brew Coffee,"This easy Cold Brew Coffee recipe makes a smooth, rich coffee that's less bitter than drip and perfect over ice!
The post Cold Brew Coffee appeared first on Budget Bytes.",https://www.budgetbytes.com/cold-brew-coffee/,https://www.budgetbytes.com/wp-content/uploads/2025/08/Cold-Brew-Pour.jpg,2025-08-26T13:30:00Z,"It’s no secret here in the Budget Bytes studio that we’re all addicted to coffee! We trade off whose buying on studio days, and then we all collectively let out a sigh of relief when we take that fir… [+5318 chars]"
Loveandlemons.com,Phoebe Moore (L&L Recipe Developer),25 Best Labor Day Recipes,"Looking for Labor Day food ideas? You’re in the right place! Below, I’ve rounded up our best Labor Day recipes for an epic end-of-summer cookout. You’ll find easy mains that you can toss on the grill, fun appetizers, seasonal side dishes, and—of course—summer…",https://www.loveandlemons.com/labor-day-recipes/,https://cdn.loveandlemons.com/wp-content/uploads/2025/08/labor-day-recipes-social.jpg,2025-08-26T13:03:32Z,"Celebrate the end of summer with our best Labor Day recipes! They include fun appetizers, picnic salads, grilling recipes, no-bake desserts, and more.
Looking for Labor Day food ideas? You’re in the… [+7389 chars]"
GlobeNewswire,FAT Brands Inc.,Great American Cookies and Marble Slab Creamery Accelerate Growth in North Carolina,"Leading Dessert Brands Arrive in Raleigh Area  LOS ANGELES, Aug.  26, 2025  (GLOBE NEWSWIRE) -- FAT (Fresh. Authentic. Tasty.) Brands Inc., parent...",https://www.globenewswire.com/news-release/2025/08/26/3139294/0/en/Great-American-Cookies-and-Marble-Slab-Creamery-Accelerate-Growth-in-North-Carolina.html,https://ml.globenewswire.com/Resource/Download/532d0033-1189-4cb8-a23e-33335b4a4f17,2025-08-26T13:00:00Z,"Leading Dessert Brands Arrive in Raleigh Area
LOS ANGELES, Aug. 26, 2025 (GLOBE NEWSWIRE) -- FAT (Fresh. Authentic. Tasty.) Brands Inc., parent company of Great American Cookies, Marble Slab Creamer… [+3823 chars]"
Eschatonblog.com,noreply@blogger.com (Atrios),Team Big Rich Oaf,"Man of the moment.

Over the weekend, we learned from the media that Donald Trump has been planning, for quite a while now, to deploy armed military personnel to the streets of Chicago. This is exactly the type of overreach that our country's founders warned…",https://www.eschatonblog.com/2025/08/team-big-rich-oaf.html,,2025-08-26T13:00:00Z,"Finally, to the Trump administration officials who are complicit in this scheme, to the public servants who have forsaken their oath to the Constitution to serve the petty whims of an arrogant little… [+886 chars]"
Printmag.com,Debbie Millman,What Matters to Kate Hamilton,"Sonder & Tell's Kate Hamilton on seeking the flow state, the value of care work, and the mission to perfect the Spanish tortilla.
The post What Matters to Kate Hamilton appeared first on PRINT Magazine.",https://www.printmag.com/what-matters/what-matters-to-kate-hamilton/,https://i0.wp.com/www.printmag.com/wp-content/uploads/2025/08/Kate_Hamilton.jpg?fit=1545%2C1024&quality=89&ssl=1,2025-08-26T12:30:00Z,"Debbie Millmans ongoing project What Matters, an effort to understand the interior life of artists, designers, and creative thinkers, is now in its third year. Each respondent is invited to answer te… [+3267 chars]"
Wallpaper*,Sofia de la Cruz,"In Vietnam, Amanoi’s most indulgent residence yet is almost hidden on an East Sea clifftop","Aman’s ‘place of peace’ in Vietnam introduces the Amanoi Ocean Pool Residence, an architectural feat complete with its own private beach and spa",https://www.wallpaper.com/travel/hotels/amanoi-ocean-pool-residence,https://cdn.mos.cms.futurecdn.net/KQ4rN2BxnEaJA3vHEkaGFm.jpg,2025-08-26T12:26:15Z,"A portmanteau of Sanskrit and Vietnamese for ‘a place of peace,’ Amanoi has been offering its guests exactly that for over a decade. Situated in a secluded coastal area within Vietnam's Núi Chúa Nati… [+2401 chars]"
CNET,Zachary McAuliffe,You Can Play the New Gears of War Game on Xbox Game Pass Now,"Subscribers can play Dragon Age: The Veilguard soon, too.",https://www.cnet.com/tech/gaming/you-can-play-the-new-gears-of-war-game-on-xbox-game-pass-now/,https://www.cnet.com/a/img/resize/dd58ddf512fcfa560eaa7e0aaa86529e3620d832/hub/2025/08/25/2db4654b-3d64-4318-aae6-ced18eb68aae/screenshot-2025-08-25-at-9-13-26am.png?auto=webp&fit=crop&height=675&width=1200,2025-08-26T12:00:08Z,"Gears of War is one of the most iconic Xbox series, spawning sequels, spin-offs and books. I fell in love with the series almost 20 years ago when the original landed on the Xbox 360. Microsoft broug… [+4998 chars]"
Thepinknews.com,Hilary Mitchell,Charlize Theron’s adopted daughters – Jackson and August – are officially living their best lives,"Charlize Theron, arguably the best mom any kid could ever have, rarely makes appearances with her children, including trans daughter Jackson. However, sometimes she does share snapshots of their epic adventures on Instagram. Passionate LGBTQ+ ally Charlize Th…",https://www.thepinknews.com/2025/08/26/charlize-therons-kids-jackson-august-daughters/,https://www.thepinknews.com/wp-content/uploads/2024/11/MixCollage-29-Nov-2024-11-33-AM-8516.jpg,2025-08-26T11:13:13Z,"Charlize Theron, arguably the best mom any kid could ever have, rarely makes appearances with her children, including trans daughter Jackson. However, sometimes she does share snapshots of their epic… [+3115 chars]"
Jezebel,Alise Morales,Sounds Like There Might Be a Prenup in the Air for Tom Cruise and Ana de Armas,"Whatever is or isn't happening with these two, this Deeper movie is getting way more press than it ever would have otherwise.",https://www.jezebel.com/sounds-like-there-might-be-a-prenup-in-the-air-for-tom-cruise-and-ana-de-armas,https://img.pastemagazine.com/wp-content/juploads/2025/05/Untitled-design-68.jpg,2025-08-26T10:56:20Z,Its a classic Hollywood love story. Ana de Armas and Tom Cruise have progressed from a maybe PR relationship to a confirmed PR relationship to a potential PR marriage! New reports this week say that … [+3616 chars]
Longreads.com,Olivia Potts,99 Problems: The Ice Cream Truck’s Surprising History,"From crime panics to TikTok, summer's favorite vehicle has driven a bumpy road.",http://longreads.com/2025/08/26/ice-cream-truck-history-hysteria/,https://i0.wp.com/longreads.com/wp-content/uploads/2025/08/3.png?fit=2400%2C1400&ssl=1,2025-08-26T10:00:00Z,"For 15 years, Longreads has published and curated the best longform writing on the weband we wouldnt exist without dedicated readers like you. Give today and ensure that quality journalism continues … [+33546 chars]"
Thefrugalgirl.com,Kristen,Five Frugal Things | protein pasta: DONE,"1. I finally used up my protein pasta If you follow me on Instagram, you know I’ve been on a mission to use up my …
The post Five Frugal Things | protein pasta: DONE appeared first on The Frugal Girl.",https://www.thefrugalgirl.com/five-frugal-things-protein-pasta-done/,https://www.thefrugalgirl.com/wp-content/uploads/2025/08/img_6047.jpg,2025-08-26T09:00:38Z,"1. I finally used up my protein pasta
If you follow me on Instagram, you know I’ve been on a mission to use up my stupid chickpea protein pasta from Aldi.
I did not appreciate the taste or the text… [+4046 chars]"
pitpass.com,editor@pitpass.com (Editor),Hamilton intends to keep going,"Lewis Hamilton takes to social media ahead of the second half of the season as he vows to ""keep going, even when it's difficult"".",https://www.pitpass.com/80889/Hamilton-intends-to-keep-going,http://www.pitpass.com/images/drivers/800/hamilton/2025emiliaromagna_sunday_o083.jpg,2025-08-26T08:23:00Z,"Lewis Hamilton takes to social media ahead of the second half of the season as he vows to ""keep going, even when it's difficult"".
While others have taken the opportunity to share pics from their hol… [+1633 chars]"
ETF Daily News,MarketBeat News,Big 5 Sporting Goods (NASDAQ:BGFV) and SharkNinja (NYSE:SN) Head-To-Head Analysis,"Big 5 Sporting Goods (NASDAQ:BGFV – Get Free Report) and SharkNinja (NYSE:SN – Get Free Report) are both retail/wholesale companies, but which is the superior stock? We will compare the two businesses based on the strength of their analyst recommendations, ea…",https://www.etfdailynews.com/2025/08/26/big-5-sporting-goods-nasdaqbgfv-and-sharkninja-nysesn-head-to-head-analysis/,https://www.americanbankingnews.com/wp-content/timthumb/timthumb.php?src=https://www.marketbeat.com/logos/sharkninja-inc-logo-1200x675.jpg?v=20230921090239&w=240&h=240&zc=2,2025-08-26T08:20:47Z,"Big 5 Sporting Goods (NASDAQ:BGFV – Get Free Report) and SharkNinja (NYSE:SN – Get Free Report) are both retail/wholesale companies, but which is the superior stock? We will compare the two businesse… [+5034 chars]"
ETF Daily News,MarketBeat News,Russell Investments Group Ltd. Has $2.24 Million Holdings in The Middleby Corporation $MIDD,"Russell Investments Group Ltd. increased its stake in The Middleby Corporation (NASDAQ:MIDD – Free Report) by 12.5% in the 1st quarter, according to the company in its most recent 13F filing with the Securities and Exchange Commission. The fund owned 14,742 s…",https://www.etfdailynews.com/2025/08/26/russell-investments-group-ltd-has-2-24-million-holdings-in-the-middleby-corporation-midd/,https://www.americanbankingnews.com/wp-content/timthumb/timthumb.php?src=https://www.marketbeat.com/logos/the-middleby-co-logo-1200x675.jpg?v=20221110141159&w=240&h=240&zc=2,2025-08-26T07:41:07Z,"Russell Investments Group Ltd. increased its stake in The Middleby Corporation (NASDAQ:MIDD – Free Report) by 12.5% in the 1st quarter, according to the company in its most recent 13F filing with the… [+4945 chars]"
Israelnationalnews.com,Aviad Even-Chen,Arab worker recorded contaminating ice cream for Jewish customers,A disturbing video circulating on social media shows an Arab worker at an ice cream factory contaminating products intended for Jewish customers.,https://www.israelnationalnews.com/news/413878,https://2.a7.org/files/pictures/000/1197457.jpg,2025-08-26T07:27:24Z,"A disturbing video circulating on social media shows an Arab worker at an ice cream factory allegedly admitting to deliberately contaminating products intended for Jewish customers.
In the video, th… [+1692 chars]"
Urbansketchers.org,Roger Klaassen,Full Symposium Report of International Sketch Correspondent Roger,"I was the International Sketch Correspondent at the 13th Urban Sketchers International Symposium in Poznań. During the Symposium, I made drawings of everything that happened: meetings, workshops, lectures, art markets, sketch walks, and more… and I wrote a da…",https://urbansketchers.org/2025/08/26/full-symposium-report-of-international-sketch-correspondent-roger/,https://urbansketchers.org/wp-content/uploads/2025/08/poznan_full_report_400.jpg,2025-08-26T07:13:04Z,"I was the International Sketch Correspondent at the 13th Urban Sketchers International Symposium in Pozna. During the Symposium, I made drawings of everything that happened: meetings, workshops, lect… [+14445 chars]"
ArchDaily,Reyyan Dogan,The 18th Istanbul Biennial Unveils Venues and Artists for Its First Leg,"Organized by the Istanbul Foundation for Culture and Arts (İKSV), the 18th Istanbul Biennial will be realized in three stages between 2025 and 2027, continuing to be Türkiye's largest international exhibition dedicated to contemporary art. Curated by Christin…",https://www.archdaily.com/1033444/the-18th-istanbul-biennial-unveils-venues-and-artists-for-its-first-leg,https://images.adsttc.com/media/images/68ad/7c71/fe17/7701/89a5/d399/large_jpg/the-18th-istanbul-biennial-unveils-venues-and-artists-for-its-first-leg_2.jpg?1756200111,2025-08-26T06:30:00Z,"French Orphanage. Image © Sahir Uur Eren
Organized by the Istanbul Foundation for Culture and Arts (KSV), the 18th Istanbul Biennial will be realized in three stages between 2025 and 2027, continuin… [+5008 chars]"
New Zealand Herald,Sarah Pollok,Portugal with Intrepid Travel: Why you should visit Portugal with a guide,Language barriers can make travel tricky but there is a solution.,https://www.nzherald.co.nz/travel/portugal-with-intrepid-travel-why-you-should-visit-portugal-with-a-guide/KEXUVI2QVNBBRDSGW7O7GVTYQE/,https://www.nzherald.co.nz/resizer/v2/MVWA4JDADVFCRJ6LRV2GVH7QPA.jpg?auth=50a90a0fc02f06889a63bf76ae3e186d5ce155e1df7cdd2b0ad75bcbe8cd9ebd&width=1200&height=675&quality=70&focal=684%2C1488&smart=false,2025-08-26T06:26:53Z,"If youre like many travellers, you crave immersion when travelling abroad. You want to get right up close to the culture, the people, the way things are done, to revel in the novelty. The challenge i… [+5511 chars]"
Incourage.me,(in)courage,The Difference Between Entertaining and Hospitality,"Hospitality. What is it, really? When we overstress, overplan, and overthink inviting others into our lives and homes, hospitality becomes overwhelming to our souls. We become slaves to the expectations of others. We freeze at the mere thought of extending an…",https://www.incourage.me/2025/08/the-difference-between-entertaining-and-hospitality.html,https://www.incourage.me/wp-content/uploads/2025/08/2025-08-26-Schmidt_BWL_TALL.jpg,2025-08-26T06:20:25Z,"Hospitality. What is it, really? When we overstress, overplan, and overthink inviting others into our lives and homes, hospitality becomes overwhelming to our souls. We become slaves to the expectati… [+5640 chars]"
BBC News,,Charity football match in memory of two supporters,Organisers say James Lockett and Peter Tylman are fondly remembered by many people in the town.,https://www.bbc.com/news/articles/c4gz7805x11o,https://ichef.bbci.co.uk/news/1024/branded_news/b425/live/3a981f60-7d02-11f0-ab3e-bd52082cd0ae.jpg,2025-08-26T05:18:10Z,"Matt Weigold
James Lockett and Peter Tylman will be honoured at the charity fixture
A dedicated fan of non-league Leek Town has organised a charity match to honour the memory of two friends and sup… [+2654 chars]"
WWD,Noor Lobad,Inside the Burgeoning Business of Twitch,"The once-casual, gaming-focused streaming platform has become a juggernaut for a new generation of internet celebrities, who are going beyond mere social influencing to forge new frontiers of entertainment, consumer products and more.",http://wwd.com/business-news/technology/twitch-streamers-kai-cenat-ninja-valkyrae-fashion-beauty-1238068395/,https://wwd.com/wp-content/uploads/2025/08/twitch-online-featureA.jpg?w=1000&h=563&crop=1,2025-08-26T04:01:00Z,"It’s time for the streamers.
If the 2010s marked the onset of the influencer era, the 2020s are poised to become similarly synonymous with the rise of streamers, who are beginning to make their mark… [+10804 chars]"
The Irish Times,Lara Marlowe,"Letter from Slovyansk: ‘The Russians are 40km away. When they get to within 22km, we’ll leave’","Try as locals might to live normally, the march of Putin’s army fuels anxiety and despair",https://www.irishtimes.com/world/europe/2025/08/26/letter-from-slovyansk-the-russians-are-40km-away-when-they-get-to-within-22km-well-leave/,https://www.irishtimes.com/resizer/v2/KMWTJWPPARGSREW4GQ3TXD2J4U.jpg?smart=true&auth=501a88b6055247e2d0283150e432215bf3514cec143e19fb297c3c107010fdde&width=1200&height=630,2025-08-26T04:00:00Z,"One hears the Russians bombing Kramatorsk, 15km away, through the night. Slovyansk is also a scene of recent bomb damage. Gutted buildings and boarded windows are commonplace. Broken glass glints in … [+4853 chars]"
BusinessLine,Reuters,"In protein-deficient India, McDonald's, Bollywood and cricket fuel wellness craze",Nearly 30% of India's 1.4 billion people are vegetarian and the government estimates 73% of the population is protein-deficient,https://www.thehindubusinessline.com/news/variety/in-protein-deficient-india-mcdonalds-bollywood-and-cricket-fuel-wellness-craze/article69977838.ece,https://bl-i.thgim.com/public/incoming/j8u6b8/article69977845.ece/alternates/LANDSCAPE_1200/2025-08-26T020044Z_1738568224_RC2NBGA0QFR4_RTRMADP_3_INDIA-PROTEIN-BUSINESSES.JPG,2025-08-26T03:45:01Z,"At McDonald's outlets in South India, a 30-cent burger topping has been selling out fast. It's not extra cheese or a fancy salsa dip, but a vegetarian protein slice developed with Indian government f… [+4882 chars]"
ABC News,THOMAS BEAUMONT Associated Press,"And now for something different, civility unfolds in a Missouri GOP congressman's town hall","One of the few Republican U.S. House members making in-person appearances embarked on a town hall tour of his district to meet with constituents, and a civil conversation broke out",https://abcnews.go.com/Politics/wireStory/now-civility-unfolds-missouri-gop-congressmans-town-hall-124974912,https://i.abcnewsfe.com/a/ddd2fee7-7160-4fc5-8858-1251dd4f8e60/wirestory_2850b31973533e256a1b29af1b05b04d_16x9.jpg?w=1600,2025-08-26T02:31:06Z,"BOLIVAR, Missouri -- One of the few Republican U.S. House members making in-person appearances embarked on a town hall tour of his district to meet with constituents Monday, and a civil conversation … [+3482 chars]"
Yahoo Entertainment,Stephanie Gravalese,"Pumpkin spice is more expensive this year, and yes, people are still lining up for it","Starbucks' fall menu 2025 is back, pumpkin spice drinks are pricier, and new research shows who's splurging the most.",https://creators.yahoo.com/lifestyle/story/pumpkin-spice-is-more-expensive-this-year-and-yes-people-are-still-lining-up-for-it-022634820.html,https://s.yimg.com/ny/api/res/1.2/g7kboDAbMRHoR7.L0WmWAg--/YXBwaWQ9aGlnaGxhbmRlcjt3PTEyMDA7aD04MDA7Y2Y9d2VicA--/https://s.yimg.com/os/creatr-uploaded-images/2025-08/6db90a40-6ed8-11f0-9fff-bd908facbc99,2025-08-26T02:26:34Z,"Pumpkin spice season is officially here, with the Starbucks fall menu 2025 rolling out fan favorites like the Pumpkin Spice Latte aka the PSL, Pumpkin Cream Cold Brew, and Iced Pumpkin Cream Chai. Wh… [+2948 chars]"
Biztoc.com,wsj.com,A Local Ice-Cream Chain Shows What American Brands Are Doing Wrong in China,"Priced at $4 a cup, less than Häagen-Dazs, Mr. Wild Man’s made-in-the-store gelato has shot ahead of its General Mills-owned rival in the past two years.",https://biztoc.com/x/cde7cc3cf18f73a6,https://biztoc.com/cdn/950/og.png,2025-08-26T01:12:24Z,"Priced at $4 a cup, less than Häagen-Dazs, Mr. Wild Mans made-in-the-store gelato has shot ahead of its General Mills-owned rival in the past two years.
This story appeared on wsj.com, 2025-08-26 01… [+6 chars]"
Nomadicmatt.com,Matthew Kepnes,"How to Explore Ludington, Michigan","This is a guest post by Raimee Iacofano from Raimeetravel. Growing up in Michigan, Ludington was THE place to be. Every summer, my family would pack up the car, blast some classic rock (think Tom Petty, Fleetwood Mac, and the occasional Lynyrd Skynyrd singalo…",https://www.nomadicmatt.com/travel-blogs/ludington-mi-guide/,https://www.nomadicmatt.com/wp-content/uploads/2025/08/ludington1.png,2025-08-26T00:18:31Z,"This is a guest post by Raimee Iacofano from Raimeetravel.
Growing up in Michigan, Ludington was THE place to be. Every summer, my family would pack up the car, blast some classic rock (think Tom Pet… [+10896 chars]"
Www.abc.es,(abc),"Los Ángeles, la ciudad donde se escribió la historia de la música del siglo XX","Las estrellas de la música dejan huella allá por donde pasan, pero sólo hay una ciudad donde lo hacen literalmente: Los Ángeles. En la acera frente al famoso Teatro Chino, en Hollywood Boulevard, están impresas las manos y pies de cantantes célebres como Cynd…",https://www.abc.es/cultura/musica/angeles-ciudad-escribio-historia-musica-siglo-20250826021308-nt.html,https://s3.abcstatics.com/abc/www/multimedia/cultura/2025/08/26/joplin-k6q--1024x512@diario_abc.jpg,2025-08-26T00:13:09Z,"Las estrellas de la música dejan huella allá por donde pasan, pero sólo hay una ciudad donde lo hacen literalmente: Los Ángeles. En la acera frente al famoso Teatro Chino, en Hollywood Boulevard, est… [+5477 chars]"
Business Insider,Christopher Adam,"My mom was my best friend, so it made sense for me to quit my stressful job so we could spend the last few months of her life together",I quit a stressful job as a reporter to spend more time with my mom before she died. I'm so glad we had that time together.,https://www.businessinsider.com/quit-stressful-job-to-spend-more-time-with-ailing-mom-2025-8,https://i.insider.com/68a884bca17a8c5b40534f3a?width=1200&format=jpeg,2025-08-25T23:23:01Z,"TKCourtesy of Christopher Adam.
<ul><li>My mother and I were always close and I saw her as my best friend.</li><li>Her health issues began to get complicated at the same time I my job was becoming m… [+3786 chars]"
New York Post,"Steven Vago, Alex Oliveira",US Open fans divided on $100 caviar-topped chicken nuggets: ‘Weird would be a good word’,Some found the nuggets out of bounds while others thought Coqodaq aced the pairing.,https://nypost.com/2025/08/25/us-news/us-open-fans-divided-on-100-caviar-topped-chicken-nuggets/,https://nypost.com/wp-content/uploads/sites/2/2025/08/110069605.jpg?quality=75&strip=all&w=1024,2025-08-25T23:18:55Z,"These nuggets are out of bounds.
US Open attendees are calling caviar-topped chicken nuggets sold at the food court for a staggering $100 a whopping double-fault but the opulent offering still manag… [+2674 chars]"
The Portland Mercury,Lindsay Costello,"The Mercury’s Do This, Do That: August 25–31","This week: Lodestars of Portland's grunge-pop and soul history, plus a tropical sundae.
 
 by Lindsay Costello
 
 
 
 Good news for those who deserve a little treat. This week serves layered sundaes, State Fair elephant ears, and a lilting farewell set by con…",https://www.portlandmercury.com/do-this-do-that/2025/08/25/47986324/the-mercurys-do-this-do-that-august-25-31,https://media2.fdncms.com/portmerc/imager/u/large/47989903/yellow_horses_copy_2.webp,2025-08-25T23:00:00Z,"Good news for those who deserve a little treat. This week serves layered sundaes, State Fair elephant ears, and a lilting farewell set by consummate indie-poppers Tennis. For something heartier, catc… [+9526 chars]"
Eater,Eater Staff,Best Dishes D.C. Editors Ate This Week: August 25,"With Eater editors dining out sometimes several times a day, we come across lots of standout dishes, and we don’t want to keep any secrets. Check back for the best things we ate this week. Fried chicken at Mélange Foods, Inc. I already know that talented Ethi…",https://dc.eater.com/dining-out-in-dc/163197/best-dishes-dc-restaurants-august-25-2025,"https://platform.dc.eater.com/wp-content/uploads/sites/9/2025/08/2959e12bc048483c93b6c82d308824de-1-copy.jpg?quality=90&strip=all&crop=0,10.732984293194,100,78.534031413613",2025-08-25T22:03:33Z,"With Eater editors dining out sometimes several times a day, we come across lots of standout dishes, and we don’t want to keep any secrets. Check back for the best things we ate this week.

Fried chi… [+4354 chars]"
Newsweek,Nick Mordowanec,RFK Jr.'s MAHA Strategy Blasted by Farm Group That Endorsed Him,"""Between April and August, the White House met with powerful lobbyists--and the influence shows,"" Angela Huffman, president of Farm Action, said last week.",https://www.newsweek.com/rfk-farming-agriculture-maha-food-usda-2118957,https://d.newsweek.com/en/full/2709172/maha.jpg,2025-08-25T20:46:59Z,"A nonpartisan national farm organization claiming to be the only such group to have endorsed Robert F. Kennedy Jr. to head the Department of Health and Human Services (HHS) has given a preliminary ""M… [+8184 chars]"
Hyperallergic,Hakim Bishara,We Are All Picasso’s Fishermen,The artist painted a balmy summer scene in August 1939. Could anyone imagine the impending horrors?,http://hyperallergic.com/1035989/we-are-all-picasso-fishermen/,https://i0.wp.com/hyperallergic-newspack.s3.amazonaws.com/uploads/2025/08/image00003-scaled.jpeg?fit=2560%2C1375&quality=90&ssl=1,2025-08-25T20:32:00Z,"Success! Your account was created and youre signed in.Please visit My Account to verify and manage your account.
An account was already registered with this email. Please check your inbox for an aut… [+4385 chars]"
Bleeding Cool News,Rich Johnston,"Diamond's Biggest Retailer Sale Ever With 12,000 Different Print Items","Diamond Comic Distributors, that's the business bought by Ad Populum/Sparkle Pop as part of the Chapter 11 bankruptcy sale, has just launched a sale of their backstock, with up to 75% off the retail price to comic book stores, on nearly 12,000 different items…",https://bleedingcool.com/comics/diamond-biggest-retailer-sale-ever-12000-different-print-items/,https://bleedingcool.com/wp-content/uploads/2025/08/Image.jpeg,2025-08-25T20:22:07Z,"Posted in: Comics, Comics Publishers, Dark Horse Comics, IDW, Image, Marvel Comics | Tagged: Ad Populum, diamond
Diamond Comic Distributors' Biggest Retailer Sale Ever with 12,000 different print it… [+1202012 chars]"
The Daily Dot,Lindsey Weedston,Little boy sobs uncontrollably after hearing President Donald Trump is a real person,"A TikTok video of a young boy bursting into tears after being told that President Donald Trump is, in fact, a real person has gone viral. Posted by mom Annabelle Perez, the clip quickly resonated with viewers who saw the child’s breakdown as a painfully relat…",https://www.dailydot.com/viral-politics/kid-finds-out-trump-is-real-video/,https://uploads.dailydot.com/2025/08/kid-finds-out-donald-trump-is-real-.jpg?auto=compress&fm=pjpg&w=2000&h=1000,2025-08-25T20:00:00Z,"A TikTok video of a young boy bursting into tears after being told that President Donald Trump is, in fact, a real person has gone viral. Posted by mom Annabelle Perez, the clip quickly resonated wit… [+2936 chars]"
Biztoc.com,chicagotribune.com,Patrons hope The Dock in Mokena brings community back to Front Street,"Rick Tafton said he remembers walking into Wilbur’s grocery store in Mokena with his mom when he was about 5 years old. Years later, he often pedaled his bike to the pharmacy next door to get baseball cards and ice cream with his friends, he said.
A little ov…",https://biztoc.com/x/997e774f0732fc0d,https://biztoc.com/cdn/997e774f0732fc0d_s.webp,2025-08-25T19:46:03Z,"Rick Tafton said he remembers walking into Wilburs grocery store in Mokena with his mom when he was about 5 years old. Years later, he often pedaled his bike to the pharmacy next door to get baseball… [+143 chars]"
Biztoc.com,fastcompany.com,"Check your freezer for this Blue Bell ice cream sold at Walmart and Kroger, recalled over serious life-threatening risk","Texas-based Blue Bell Ice Cream is voluntarily recalling a limited number of half-gallon containers of Moo-llennium Crunch Ice Cream, which may contain nuts, after some were packaged in a Chocolate Chip Cookie Dough carton.
People who have an allergy or sever…",https://biztoc.com/x/7c8de317a124510a,https://biztoc.com/cdn/7c8de317a124510a_s.webp,2025-08-25T19:46:00Z,"Texas-based Blue Bell Ice Cream is voluntarily recalling a limited number of half-gallon containers of Moo-llennium Crunch Ice Cream, which may contain nuts, after some were packaged in a Chocolate C… [+145 chars]"
